time_edt,sensor,mole,mux,strength,expected,result,score_MARTIN,score_DAPHNE,score_NILES,score_FRASIER,score_ROZ
01:15:55,1,DAPHNE,1,37328,DAPHNE,CORRECT,9413,37328,5389,7820,5366
01:15:59,3,FRASIER,3,49706,FRASIER,CORRECT,5455,5108,4916,49706,6985
01:16:03,0,MARTIN,0,28774,MARTIN,CORRECT,28774,8247,4758,11558,5824
01:16:10,2,NILES,2,47760,NILES,CORRECT,9895,4728,47760,6307,4413
01:17:17,0,MARTIN,0,54129,MARTIN,CORRECT,54129,5774,5853,2506,4301
01:17:25,4,ROZ,4,23303,ROZ,CORRECT,4941,7165,2019,8198,23303
01:17:39,2,NILES,2,38240,NILES,CORRECT,6508,6130,38240,9469,6361
01:17:44,3,FRASIER,3,53625,FRASIER,CORRECT,5579,14361,3956,53625,3762
01:18:16,2,NILES,2,22529,NILES,CORRECT,2878,3322,22529,3931,2860
01:18:18,0,MARTIN,0,29344,ROZ,WRONG,29344,2694,2704,3646,2213
01:18:45,2,NILES,2,57652,NILES,CORRECT,6015,4650,57652,5509,0
01:18:56,2,NILES,2,14323,,IGNORED / no game decision,4684,7785,14323,9477,0
01:19:02,3,FRASIER,3,11093,ROZ,WRONG,6239,7861,6790,11093,0
01:19:28,2,NILES,2,29768,NILES,CORRECT,4243,10005,29768,8817,0
01:19:37,3,FRASIER,3,11058,ROZ,WRONG,2646,5116,5187,11058,0
